Date,Stay_at_home_ratio_National,Stay_at_home_ratio_IL,Stay_at_home_ratio_Champaign
1/1/2019,23.74,25.32,25.38
1/2/2019,18.8,20.06,20.24
1/3/2019,19.33,20.61,21.11
1/4/2019,18.95,20.1,20.5
1/5/2019,19.74,20.8,21.13
1/6/2019,20.39,21.92,22.85
1/7/2019,19.27,20.71,21.52
1/8/2019,19.33,20.89,21.97
1/9/2019,19.1,20.74,21.78
1/10/2019,18.81,20.28,21.34
1/11/2019,18.34,19.58,19.12
1/12/2019,19.41,21.43,23.15
1/13/2019,20.22,22.13,22.49
1/14/2019,18.92,20.7,21.98
1/15/2019,18.91,20.58,21.59
1/16/2019,18.67,20.19,21.2
1/17/2019,18.65,20.13,21.09
1/18/2019,18.63,19.7,21.07
1/19/2019,19.55,22.15,23.22
1/20/2019,20.32,22.18,23.11
1/21/2019,19.52,21.34,22.83
1/22/2019,18.69,19.92,21.4
1/23/2019,18.62,20.22,21.57
1/24/2019,18.65,20.37,22.09
1/25/2019,18.4,19.89,20.68
1/26/2019,19.32,20.79,21.56
1/27/2019,20.49,22.2,23.6
1/28/2019,18.98,20.86,21.2
1/29/2019,18.99,21.02,22.33
1/30/2019,19.13,22.88,23.15
1/31/2019,19,21.7,22.06
2/1/2019,18.63,20.7,22.22
2/2/2019,19.65,21.45,22.71
2/3/2019,20.35,22.05,23.2
2/4/2019,18.93,20.33,21.94
2/5/2019,19.17,20.46,22.46
2/6/2019,18.63,20.1,21.91
2/7/2019,18.32,19.55,20.98
2/8/2019,18.14,19.96,21.37
2/9/2019,19.16,20.84,21.97
2/10/2019,20.15,21.58,22.31
2/11/2019,18.75,20.01,21.89
2/12/2019,18.78,19.95,21.34
2/13/2019,18.68,20.17,22.07
2/14/2019,18.18,19.54,21.37
2/15/2019,18.18,19.79,21.46
2/16/2019,19.15,20.77,21.95
2/17/2019,20.42,22.08,23.08
2/18/2019,19.64,21.16,22.91
2/19/2019,18.95,20.51,22.41
2/20/2019,19.07,20.18,22.42
2/21/2019,18.91,20.41,22.37
2/22/2019,18.23,19.55,21.2
2/23/2019,19.33,20.7,21.57
2/24/2019,20.04,21.62,22.64
2/25/2019,18.79,20.26,22.01
2/26/2019,18.69,20.07,22.38
2/27/2019,18.65,20.09,22.02
2/28/2019,18.6,20.15,21.95
3/1/2019,18.33,19.97,21.21
3/2/2019,19.47,20.86,21.97
3/3/2019,20.41,22.12,23.44
3/4/2019,19.59,20.98,22.97
3/5/2019,19.13,20.57,22.62
3/6/2019,18.9,20.34,22.36
3/7/2019,18,19.16,20.45
3/8/2019,18.91,20.31,22.33
3/9/2019,19.71,20.94,22.15
3/10/2019,20.33,22.12,23.37
3/11/2019,18.93,20.56,22.6
3/12/2019,18.72,20.23,22.37
3/13/2019,18.79,19.9,21.53
3/14/2019,18.74,19.61,20.41
3/15/2019,18.39,19.8,20.01
3/16/2019,19.35,20.82,20.81
3/17/2019,18.32,19.7,20.01
3/18/2019,17.11,18.47,18.93
3/19/2019,17.16,18.44,19.19
3/20/2019,20.58,22.52,22.86
3/21/2019,20.72,22.6,23.18
3/22/2019,20.41,22.13,22.74
3/23/2019,21.36,23.19,23.51
3/24/2019,21.09,23.48,23.47
3/25/2019,19.71,21.95,24.23
3/26/2019,19.53,21.69,24.24
3/27/2019,19.25,21.43,24.23
3/28/2019,19,21.11,23.98
3/29/2019,19.13,21.3,23.07
3/30/2019,20.15,22.46,24.18
3/31/2019,20.92,23.04,24.26
4/1/2019,20.4,22.52,24.09
4/2/2019,19.27,21.23,22.69
4/3/2019,19.64,21.63,23.36
4/4/2019,19.25,21.16,21.28
4/5/2019,19.21,21.19,21.52
4/6/2019,20.01,21.9,22.61
4/7/2019,20.96,23.22,24.24
4/8/2019,19.66,21.79,23.55
4/9/2019,19.45,21.73,23.28
4/10/2019,19.83,22.16,23.94
4/11/2019,20.25,22.19,24.15
4/12/2019,19.4,21.51,22.9
4/13/2019,20.99,23.07,24.27
4/14/2019,21.8,25.07,25.39
4/15/2019,20.02,22.09,23.65
4/16/2019,19.69,21.71,23.52
4/17/2019,19.95,21.94,23.85
4/18/2019,19.95,21.98,23.9
4/19/2019,19.7,21.48,22.83
4/20/2019,21.11,22.89,24.11
4/21/2019,22.39,24.33,24.92
4/22/2019,19.59,21.72,23.01
4/23/2019,18.48,20.53,20.96
4/24/2019,18.44,20.34,21.26
4/25/2019,17.91,19.68,19.96
4/26/2019,17.95,20.04,21.61
4/27/2019,19.42,21.8,22.92
4/28/2019,19.43,21.93,22.6
4/29/2019,18.18,20.73,21.82
4/30/2019,17.86,20.27,21.2
5/1/2019,18.13,20.44,21.54
5/2/2019,18.88,21.19,22.37
5/3/2019,19.09,21.4,22.97
5/4/2019,20.13,22.22,23.95
5/5/2019,20.56,22.61,23.43
5/6/2019,19.29,21.29,22.68
5/7/2019,18.99,21.08,22.41
5/8/2019,18.99,20.82,22.02
5/9/2019,18.8,20.78,21.89
5/10/2019,18.22,20,20.33
5/11/2019,19.23,21.16,21.01
5/12/2019,19.9,21.96,21.84
5/13/2019,19.15,21.48,21.5
5/14/2019,18.75,20.92,20.76
5/15/2019,18.58,20.77,20.61
5/16/2019,18.28,20.19,20.12
5/17/2019,18.01,20.09,19.79
5/18/2019,19.18,21.17,20.43
5/19/2019,20.12,23,22.6
5/20/2019,19.05,21.99,21.95
5/21/2019,19.05,22.04,22.26
5/22/2019,18.66,21.72,21.77
5/23/2019,18.73,21.97,22.01
5/24/2019,18.21,20.44,20.07
5/25/2019,19.36,22.29,21.86
5/26/2019,19.95,22.77,21.43
5/27/2019,20.44,23.58,22.73
5/28/2019,19.15,22.12,21.95
5/29/2019,18.65,21.67,22.33
5/30/2019,18.49,21.58,21.5
5/31/2019,18.22,21.54,21.42
6/1/2019,19.63,22.67,23.55
6/2/2019,20.31,22.94,23.58
6/3/2019,19.03,21.53,22.29
6/4/2019,18.89,20.99,21.87
6/5/2019,18.78,20.92,20.81
6/6/2019,18.59,21.1,20.98
6/7/2019,18.47,20.93,20.58
6/8/2019,19.37,21.84,20.75
6/9/2019,20.47,22.59,21.36
6/10/2019,19.43,21.81,21.67
6/11/2019,19.33,21.69,22.03
6/12/2019,18.85,21.01,21.04
6/13/2019,18.85,20.96,20.57
6/14/2019,18.53,20.86,20.87
6/15/2019,19.33,21.81,22.38
6/16/2019,20.28,22.56,22.83
6/17/2019,19.15,21.27,21.95
6/18/2019,19.08,21.27,22.43
6/19/2019,19.2,21.33,21.49
6/20/2019,19.1,21.38,22.3
6/21/2019,18.94,21.06,20.88
6/22/2019,19.97,22.26,22.87
6/23/2019,18.96,21.5,20.82
6/24/2019,18.33,20.71,21.52
6/25/2019,19.62,22.16,24.12
6/26/2019,19.8,22.43,23.84
6/27/2019,19.45,21.9,23.28
6/28/2019,19.07,21.18,22.2
6/29/2019,20.12,22.74,23.15
6/30/2019,20.66,22.26,23.17
7/1/2019,19.57,22.46,24.69
7/2/2019,19.31,22.33,24.02
7/3/2019,18.92,21.43,22.27
7/4/2019,20.47,23.24,24.23
7/5/2019,19.27,22.06,23.01
7/6/2019,19.87,22.74,23.52
7/7/2019,20.46,22.69,24.03
7/8/2019,19.15,21.24,22.99
7/9/2019,19.21,21.3,23.01
7/10/2019,19.01,21.09,23.06
7/11/2019,19.04,21.07,23.09
7/12/2019,18.46,20.4,22.6
7/13/2019,19.54,21.54,22.86
7/14/2019,20.21,22.69,23.74
7/15/2019,18.73,21.28,23.07
7/16/2019,18.78,21.24,23.07
7/17/2019,18.76,21.07,22.81
7/18/2019,18.87,20.97,22.89
7/19/2019,18.77,21.39,23.21
7/20/2019,19.65,22.33,23.94
7/21/2019,20.23,22.51,23.12
7/22/2019,19.34,21.73,24.01
7/23/2019,19.64,21.94,24.21
7/24/2019,19.52,21.65,23.53
7/25/2019,19.58,21.68,23.92
7/26/2019,19.29,21.48,23.2
7/27/2019,20.47,22.67,24.64
7/28/2019,21.18,23.38,25.17
7/29/2019,19.42,21.48,22.77
7/30/2019,19.79,21.86,23.43
7/31/2019,19.37,21.27,23.05
8/1/2019,18.78,20.81,22.5
8/2/2019,18.66,20.78,21.66
8/3/2019,19.96,21.89,23.17
8/4/2019,20.78,22.97,24.39
8/5/2019,19.61,21.9,23.84
8/6/2019,20.26,22.32,23.94
8/7/2019,20.63,22.59,25.21
8/8/2019,19.55,21.71,22.48
8/9/2019,16.58,18.64,16.44
8/10/2019,17.94,19.89,18.27
8/11/2019,19.37,21.95,20.67
8/12/2019,18.75,21.13,19.9
8/13/2019,18.8,21.41,21.37
8/14/2019,18.27,20.75,20.02
8/15/2019,18.82,21.15,21.13
8/16/2019,16.07,18.33,18.26
8/17/2019,17.1,19.52,19.06
8/18/2019,18.39,20.78,19.96
8/19/2019,17.2,19.45,18.9
8/20/2019,17.9,20.2,19.54
8/21/2019,17.83,19.88,19.28
8/22/2019,17.49,19.46,19.4
8/23/2019,18.08,20.19,20.66
8/24/2019,18.66,20.72,19.95
8/25/2019,18.54,20.81,19.77
8/26/2019,17.64,19.68,18.66
8/27/2019,17.36,19.32,19.35
8/28/2019,17.47,19.5,19.54
8/29/2019,17.93,19.9,19.77
8/30/2019,17.49,19.6,18.96
8/31/2019,19.57,21.82,21.35
9/1/2019,20.38,22.22,23.85
9/2/2019,21.05,22.84,24.61
9/3/2019,18.64,19.97,21.92
9/4/2019,18.7,20.23,23.27
9/5/2019,18.64,20.14,22.74
9/6/2019,18.54,20.11,22.27
9/7/2019,20.2,21.76,23.81
9/8/2019,21.81,24.14,26.2
9/9/2019,18.97,21.06,22.39
9/10/2019,18.31,20.31,20.97
9/11/2019,17.98,19.89,20.89
9/12/2019,18.32,20.27,21.79
9/13/2019,17.72,19.95,21.18
9/14/2019,19.22,21.33,22.18
9/15/2019,19.82,21.78,22
9/16/2019,18.75,20.81,22.2
9/17/2019,18.88,20.95,22.3
9/18/2019,18.4,20.43,22.18
9/19/2019,18.5,20.52,21.45
9/20/2019,19.03,21.12,22.51
9/21/2019,20.26,22.4,23.24
9/22/2019,20.37,22.46,22.39
9/23/2019,19.55,21.56,22.7
9/24/2019,19.22,21.03,22.66
9/25/2019,19.15,20.88,22.24
9/26/2019,19.1,20.88,22.28
9/27/2019,19.34,21.33,21.95
9/28/2019,20.45,22.37,23.37
9/29/2019,19.91,22.2,22.07
9/30/2019,21.07,23.42,25.15
10/1/2019,17.9,20.07,21.12
10/2/2019,19.15,21.31,23.43
10/3/2019,19.81,21.45,21.51
10/4/2019,20.73,22.52,22.26
10/5/2019,21.29,23.12,22.42
10/6/2019,21.98,23.89,23.62
10/7/2019,20.36,22.37,22.74
10/8/2019,20.23,22.14,25.11
10/9/2019,20.75,22.45,25.76
10/10/2019,16.76,18.3,20.04
10/11/2019,17.58,19.51,21.11
10/12/2019,18.76,20.76,21.55
10/13/2019,18.73,20.45,22.3
10/14/2019,17.5,19.23,21.44
10/15/2019,20.06,21.69,24.66
10/16/2019,20.48,22.03,25.29
10/17/2019,20.25,21.78,24.78
10/18/2019,19.54,21.21,23.75
10/19/2019,20.96,22.58,24.76
10/20/2019,21.7,23.16,25.53
10/21/2019,20.24,22.01,24.81
10/22/2019,20.31,22.07,25.21
10/23/2019,19.99,21.71,24.98
10/24/2019,18.57,19.81,22.65
10/25/2019,18.28,19.61,22.94
10/26/2019,20.59,22.39,24.79
10/27/2019,21.74,22.77,25.14
10/28/2019,19.22,20.45,23.65
10/29/2019,19.24,20.4,24.32
10/30/2019,24.33,27.16,29.37
10/31/2019,18.68,20.78,23.53
11/1/2019,17.98,19.52,22.67
11/2/2019,20.33,22.01,24.39
11/3/2019,21.73,23.42,25.26
11/4/2019,19.21,20.5,23.41
11/5/2019,19.43,20.63,23.99
11/6/2019,19.37,20.71,24.05
11/7/2019,19.08,20.46,23.94
11/8/2019,18.96,20.49,22.51
11/9/2019,21,22.36,24.57
11/10/2019,21.11,22.59,23.55
11/11/2019,20.17,22.37,24.97
11/12/2019,19.51,21.1,24.84
11/13/2019,19.04,20.6,24.04
11/14/2019,18.81,20.25,23.82
11/15/2019,18.8,20.17,23.22
11/16/2019,22.52,24.84,27.34
11/17/2019,21.56,23.22,25.39
11/18/2019,18.76,20.12,23.86
11/19/2019,21.37,23.37,26.49
11/20/2019,18.95,20.27,24.08
11/21/2019,18.83,20.23,23.83
11/22/2019,18.49,19.83,21.26
11/23/2019,21.18,22.78,24.83
11/24/2019,22.08,23.9,24.55
11/25/2019,19.29,20.59,22.39
11/26/2019,19.09,20.35,22.4
11/27/2019,19.06,20.46,21.15
11/28/2019,22.23,23.64,24.85
11/29/2019,20.12,21.63,22.57
11/30/2019,21.25,23.07,24.01
12/1/2019,22.66,24.3,24.81
12/2/2019,19.95,21.16,24.56
12/3/2019,19.4,20.69,23.67
12/4/2019,19.4,20.68,24.3
12/5/2019,19.22,20.67,23.95
12/6/2019,19.08,20.56,24.2
12/7/2019,21.31,22.73,26.28
12/8/2019,22.55,24.28,27.3
12/9/2019,21.93,24.26,27.52
12/10/2019,19.27,20.77,23.91
12/11/2019,19.25,20.65,24
12/12/2019,18.65,19.99,23.54
12/13/2019,18.44,19.61,23.14
12/14/2019,20.72,22,25.03
12/15/2019,21.86,23.49,26.54
12/16/2019,19.31,21.1,24.54
12/17/2019,20.92,22.72,26.51
12/18/2019,19.06,20.07,23.78
12/19/2019,21.59,23.73,25.99
12/20/2019,18.06,18.96,21.82
12/21/2019,20.24,21.14,22.72
12/22/2019,20.66,21.66,22.77
12/23/2019,19.38,20.49,21.87
12/24/2019,20.16,21.71,22.58
12/25/2019,22.85,24.18,24.83
12/26/2019,21.28,22.51,23.06
12/27/2019,20.35,21.61,22.1
12/28/2019,21.74,23.01,23.56
12/29/2019,24.98,26.78,27.46
12/30/2019,20.25,21.31,22.1
12/31/2019,17.23,18.35,18.66
1/1/2020,24.74,26.56,26.74
1/2/2020,20.02,21.44,22.85
1/3/2020,19.63,21.03,22.67
1/4/2020,21.82,23.32,24.36
1/5/2020,23.7,25.2,25.86
1/6/2020,20.34,21.83,23.19
1/7/2020,19.58,20.9,22.09
1/8/2020,19.3,20.57,21.61
1/9/2020,19.27,20.45,21.49
1/10/2020,18.8,19.95,21.37
1/11/2020,21.64,24.34,24.06
1/12/2020,23.23,25.54,26.33
1/13/2020,19.86,21.17,22.21
1/14/2020,19.43,20.63,22.26
1/15/2020,19.3,20.59,22.04
1/16/2020,19.15,20.34,21.76
1/17/2020,19.03,20.63,21.08
1/18/2020,21.95,23.98,24.78
1/19/2020,23.42,25.67,26.23
1/20/2020,21.37,22.74,24.02
1/21/2020,19.7,20.91,23.12
1/22/2020,19.06,20.08,22.69
1/23/2020,19.45,21.03,22.69
1/24/2020,18.95,20.32,22.05
1/25/2020,21.13,22.74,24.73
1/26/2020,22.6,24.22,25.62
1/27/2020,19.6,20.88,23.12
1/28/2020,19.36,20.66,22.82
1/29/2020,19.5,20.74,22.75
1/30/2020,19.09,20.31,22.24
1/31/2020,18.42,19.62,21.81
2/1/2020,20.4,21.67,23.31
2/2/2020,22.33,23.5,25.14
2/3/2020,19.16,20.36,22.16
2/4/2020,18.85,20.06,22.12
2/5/2020,19.23,20.47,22.69
2/6/2020,18.92,20.4,22.56
2/7/2020,18.46,19.28,20.67
2/8/2020,20.84,21.6,23.59
2/9/2020,24.9,27.22,27.56
2/10/2020,19.16,20.29,21.93
2/11/2020,17.86,18.76,20.2
2/12/2020,18.22,19.82,21.76
2/13/2020,17.93,20.11,21.77
2/14/2020,17.43,19.7,20.94
2/15/2020,19.94,22.09,23.11
2/16/2020,22.33,24.19,24.93
2/17/2020,25.21,28,29.42
2/18/2020,18.85,20.47,22.52
2/19/2020,18.21,19.37,21.27
2/20/2020,18.92,20.08,22.69
2/21/2020,18.46,19.86,21.75
2/22/2020,19.03,19.5,21.15
2/23/2020,22.33,23.8,25.73
2/24/2020,19.16,21.56,23.95
2/25/2020,17.86,19.6,21.77
2/26/2020,18.22,19.71,21.72
2/27/2020,17.93,19.81,22.52
2/28/2020,17.43,19.36,21.45
2/29/2020,19.03,20.92,23.2
3/1/2020,21.47,22.51,24.61
3/2/2020,19.16,20.6,23.28
3/3/2020,17.86,19.12,21.46
3/4/2020,18.22,19.33,21.6
3/5/2020,16.93,18.04,20.23
3/6/2020,17.43,18.25,20.38
3/7/2020,19.03,19.69,21.06
3/8/2020,21.47,22.19,23.6
3/9/2020,19.16,19.87,21.83
3/10/2020,18.85,19.42,21.38
3/11/2020,18.22,19.19,20.32
3/12/2020,18.92,19.93,21
3/13/2020,18.46,19.63,19.6
3/14/2020,22.66,24.11,24.49
3/15/2020,26.62,27.84,28.34
3/16/2020,23.19,24.06,25.69
3/17/2020,25.8,27.03,28.33
3/18/2020,27.32,29.18,29.94
3/19/2020,27.89,29.33,30.5
3/20/2020,27.68,29.5,29.57
3/21/2020,30.81,32.87,33.14
3/22/2020,30.37,34.5,35.25
3/23/2020,27.24,29.82,30.81
3/24/2020,27.84,29.8,31.63
3/25/2020,28.03,29.47,30.69
3/26/2020,27.96,29.64,30.58
3/27/2020,27.76,29.43,30
3/28/2020,29.79,31.24,31.12
3/29/2020,31.59,33.86,33.78
3/30/2020,27.74,29.22,29.91
3/31/2020,28.54,30.12,31.3
4/1/2020,28.14,29.55,30.39
4/2/2020,28.24,29.72,30.66
4/3/2020,27.72,28.63,29.07
4/4/2020,30.21,31.71,31.56
4/5/2020,31.49,33.28,33.31
4/6/2020,28.52,29.88,30.53
4/7/2020,28.42,29.19,30.65
4/8/2020,28.38,29.13,29.94
4/9/2020,28.92,30.1,31.3
4/10/2020,27.49,28.89,30.04
4/11/2020,28.6,30.44,31.06
4/12/2020,33.69,35.8,35.88
4/13/2020,29.33,30.83,31.72
4/14/2020,27.59,29.76,29.81
4/15/2020,26.71,28.95,29.21
4/16/2020,28.07,30.17,30.68
4/17/2020,25.82,28.25,28.17
4/18/2020,28.6,30.98,31.01
4/19/2020,29.29,31.65,31.28
4/20/2020,26.07,27.17,27.43
4/21/2020,27.28,29.05,30.73
4/22/2020,26.94,28.65,30.1
4/23/2020,26.83,28.36,30.27
4/24/2020,26.35,28.01,28.38
4/25/2020,27.75,30.62,31.08
4/26/2020,29.69,30.78,31.39
4/27/2020,26.51,28.23,29.21
4/28/2020,26.24,28.18,28.99
4/29/2020,26.47,28.79,30.08
4/30/2020,26.22,27.99,29.28
5/1/2020,24.97,26.48,27.91
5/2/2020,26.36,27.75,27.61
5/3/2020,28.46,30.14,31.11
5/4/2020,25.68,27.38,28.97
5/5/2020,25.62,27.94,29.18
5/6/2020,25.7,27.57,28.4
5/7/2020,25.28,27.24,28.65
5/8/2020,25.3,27.43,27.83
5/9/2020,26.45,28.24,29.55
5/10/2020,27.55,30.54,31.26
5/11/2020,23.32,24.4,24.72
5/12/2020,22.78,23.79,24.69
5/13/2020,23.18,24.25,24.62
5/14/2020,22.94,24.68,24
5/15/2020,22.59,23.68,24.17
5/16/2020,24.1,25.42,24.68
5/17/2020,23.39,26.87,26.57
5/18/2020,19.91,21.43,22.48
5/19/2020,19.76,21.53,22.96
5/20/2020,19.48,20.97,22.8
5/21/2020,18.85,20.2,21.65
5/22/2020,18,19.43,20.84
5/23/2020,20.51,21.86,21.95
5/24/2020,24.65,25.97,26.79
5/25/2020,24.71,26.06,26.27
5/26/2020,22.25,23.56,23.11
5/27/2020,22.14,23.32,24.5
5/28/2020,22.55,23.7,24.81
5/29/2020,24.1,24.73,25.37
5/30/2020,24.74,25.33,26.3
5/31/2020,25.94,27.25,26.18
6/1/2020,22.91,24.72,23.81
6/2/2020,23.24,24.57,23.42
6/3/2020,21.38,22.34,21.26
6/4/2020,21.52,22.23,22.3
6/5/2020,21.39,21.86,21.48
6/6/2020,24.36,25.26,25.07
6/7/2020,23.98,24.76,24.93
6/8/2020,20.92,21.15,21.25
6/9/2020,22.65,23.11,22.8
6/10/2020,22.51,23.01,23.28
6/11/2020,21.85,21.87,21.1
6/12/2020,21.88,22.19,22.7
6/13/2020,22.88,23.06,22.89
6/14/2020,24.85,25.68,25.34
6/15/2020,23.28,23.69,23.27
6/16/2020,23.09,23.55,23.6
6/17/2020,22.33,22.48,22.6
6/18/2020,22.15,22.65,22.79
6/19/2020,21.97,22.03,22.03
6/20/2020,23.72,24.06,23.74
6/21/2020,25.72,26.81,27.24
6/22/2020,23.29,24.69,24.21
6/23/2020,22.42,22.88,22.85
6/24/2020,23.6,24.6,24.3
6/25/2020,22.69,23.39,23.42
6/26/2020,22.73,24,23.56
6/27/2020,23.84,24.5,24.89
6/28/2020,25.08,25.6,26.3
6/29/2020,24.08,24.1,23.27
6/30/2020,23.64,23.7,22.78
7/1/2020,23.01,23.15,22.8
7/2/2020,24.41,24.83,24.49
7/3/2020,25.64,26.53,25.77
7/4/2020,27.35,28.48,27.38
7/5/2020,25.57,26.07,26.19
7/6/2020,24.55,25.29,24.39
7/7/2020,23.99,24.97,24.41
7/8/2020,23.78,24.62,23.75
7/9/2020,23.71,24.49,24.12
7/10/2020,23.4,23.73,23.16
7/11/2020,25.03,25.41,25.07
7/12/2020,26.05,26.85,27.21
7/13/2020,23.92,24.58,24.16
7/14/2020,24.33,25,24.88
7/15/2020,23.98,24.53,24.52
7/16/2020,24.17,24.74,24.71
7/17/2020,24.14,24.31,24.14
7/18/2020,26.01,26.49,26.65
7/19/2020,27.99,28.85,27.76
7/20/2020,26.41,26.28,25.66
7/21/2020,25.36,25.73,25.96
7/22/2020,24.9,25.19,24.99
7/23/2020,25.19,25.38,25.82
7/24/2020,24.12,24.04,23.4
7/25/2020,26.14,26.32,26.36
7/26/2020,26.48,27.19,27.46
7/27/2020,25.72,26.52,26.76
7/28/2020,24.64,25.18,25.33
7/29/2020,25.16,25.44,25.97
7/30/2020,24.09,24.6,24.91
7/31/2020,24.6,24.73,24.72
8/1/2020,26.46,26.92,27.31
8/2/2020,27.46,27.55,27
8/3/2020,25.05,25.54,25.54
8/4/2020,24.15,24.14,24.06
8/5/2020,24.16,24,23.88
8/6/2020,23.69,23.87,24.38
8/7/2020,23.57,23.37,23.18
8/8/2020,25.07,25.02,25.39
8/9/2020,26.08,26.75,27.26
8/10/2020,24.41,24.87,23.91
8/11/2020,24.32,24.57,24.81
8/12/2020,23.66,23.79,24.07
8/13/2020,22.62,22.76,22.87
8/14/2020,21.69,21.68,21.42
8/15/2020,23.5,23.57,23.57
8/16/2020,26.08,26.54,26.59
8/17/2020,25.43,26.02,26.04
8/18/2020,24.32,24.84,24.48
8/19/2020,23.66,23.98,23.71
8/20/2020,22.62,22.97,22.98
8/21/2020,21.69,21.96,22.33
8/22/2020,23.5,23.73,23.75
8/23/2020,26.84,27.57,28.3
8/24/2020,26.01,26.58,27.29
8/25/2020,24.98,25.2,26.46
8/26/2020,25.36,25.99,26.8
8/27/2020,25.45,25.99,26.93
8/28/2020,24.9,25.34,26
8/29/2020,26.15,26.31,27.09
8/30/2020,27.97,28.58,29.18
8/31/2020,26.07,26.85,27.31
9/1/2020,25.49,26.45,27.34
9/2/2020,25.54,26.02,26.65
9/3/2020,23.85,24.16,24.14
9/4/2020,25.15,25.21,25.65
9/5/2020,25.66,25.81,26.62
9/6/2020,27.94,28.78,29.08
9/7/2020,28.67,29.49,29.71
9/8/2020,26.58,27.73,27.69
9/9/2020,25.87,26.55,26.93
9/10/2020,25.77,26.6,27.32
9/11/2020,24.9,25.77,25.96
9/12/2020,27.02,28.2,28.89
9/13/2020,27.95,28.68,29.28
9/14/2020,26.42,27.23,27.77
9/15/2020,26.05,26.71,28.13
9/16/2020,25.9,26.18,26.65
9/17/2020,25.64,26.1,26.92
9/18/2020,25.18,25.72,25.71
9/19/2020,26.4,26.71,27.19
9/20/2020,27.22,27.93,28.48
9/21/2020,27.59,27.78,28.44
9/22/2020,25.14,25.39,26.55
9/23/2020,23.99,23.91,24.82
9/24/2020,23.89,24.07,24.84
9/25/2020,23.19,23.37,24.45
9/26/2020,25.34,25.22,26.55
9/27/2020,26.43,27.05,28.02
9/28/2020,24.83,25.68,26.02
9/29/2020,24.9,25.21,26.68
9/30/2020,24.85,25.11,26.08
10/1/2020,23.9,23.96,25.2
10/2/2020,24.85,25.26,26.05
10/3/2020,26.6,27.01,27.82
10/4/2020,27.86,28.63,29.07
10/5/2020,27.83,28.45,29.07
10/6/2020,25.66,26.22,27.06
10/7/2020,24.94,24.92,25.9
10/8/2020,25.27,25.63,26.51
10/9/2020,25.51,25.57,26.05
10/10/2020,27.38,27.29,28.06
10/11/2020,27.85,28.22,29.23
10/12/2020,26.52,27.16,27.68
10/13/2020,25.34,25.75,26.62
10/14/2020,24.62,25.02,25.42
10/15/2020,25.63,26.08,26.11
10/16/2020,24.19,24.26,25.72
10/17/2020,26.18,26.69,27.56
10/18/2020,27.28,28.68,28.36
10/19/2020,25.34,25.91,26.66
10/20/2020,25.76,26.28,27.07
10/21/2020,26.27,26.82,27.58
10/22/2020,25.07,25.52,26.16
10/23/2020,23.93,24.53,24.95
10/24/2020,25.66,26.1,26.79
10/25/2020,26.71,27.69,28.88
10/26/2020,25.86,26.38,26.7
10/27/2020,25.69,26.04,27.04
10/28/2020,25.13,25.17,26.52
10/29/2020,25.51,25.82,26.21
10/30/2020,25.43,25.45,24.88
10/31/2020,27.46,28.02,26.69
11/1/2020,29.29,31.63,28.62
11/2/2020,28.41,28.98,27.59
11/3/2020,26.23,26.84,28.08
11/4/2020,27.01,28.22,28.3
11/5/2020,28.35,29.37,28.39
11/6/2020,28.48,30.23,26.68
11/7/2020,29.69,31.36,28.57
11/8/2020,32.83,34.58,31.44
11/9/2020,29.24,29.69,29.25
11/10/2020,27.97,28.73,28.92
11/11/2020,28.42,29.02,29
11/12/2020,28.27,29.05,28.98
11/13/2020,27.73,28.67,28.96
11/14/2020,29.43,30.53,30.82
11/15/2020,29.55,31.45,31.35
11/16/2020,29.78,31.2,31.55
11/17/2020,29.82,31.12,31.23
11/18/2020,29.33,30.36,30.66
11/19/2020,28.57,29.42,29.69
11/20/2020,28.14,29.11,29.54
11/21/2020,29.75,30.83,30.59
11/22/2020,30.15,31.67,31.49
11/23/2020,29,30.06,29.42
11/24/2020,28.59,29.62,29.32
11/25/2020,27.73,28.53,28.36
11/26/2020,30.55,31.95,31.95
11/27/2020,28.9,29.91,29.54
11/28/2020,29.47,30.44,30.18
11/29/2020,30.08,31.45,31.27
11/30/2020,29.47,30.54,29.63
12/1/2020,27.17,28.27,27.9
12/2/2020,26.73,27.72,27.58
12/3/2020,26.7,27.77,27.4
12/4/2020,26.27,27.12,26.45
12/5/2020,27.81,28.63,28.59
12/6/2020,29.11,30.62,30.81
12/7/2020,28.79,30.08,30.11
12/8/2020,27.72,28.69,28.38
12/9/2020,27.41,28.36,28.45
12/10/2020,27.45,28.32,28.83
12/11/2020,28.22,29.01,28.92
12/12/2020,29.4,30.47,30.35
12/13/2020,30.34,31.55,31.91
12/14/2020,28.44,29.48,29.87
12/15/2020,27.59,28.56,29.07
12/16/2020,28.51,29.09,29.26
12/17/2020,28.31,28.48,28.73
12/18/2020,28.5,29.17,29.29
12/19/2020,29.91,30.69,30.6
12/20/2020,30.7,31.94,31.63
12/21/2020,29.77,30.9,30.04
12/22/2020,30.42,31.29,30.96
12/23/2020,30.81,31.67,31
12/24/2020,31.22,32.2,31.56
12/25/2020,33.2,34.84,34.15
12/26/2020,31.14,32.38,31.76
12/27/2020,31.5,32.83,31.9
12/28/2020,28.87,29.79,29.3
12/29/2020,28.49,29.85,28.68
12/30/2020,28.22,29.94,28.29
12/31/2020,27.85,28.56,27.39
1/1/2021,32.45,36.29,35.51
1/2/2021,29.37,30.93,30.24
1/3/2021,31.77,33.35,32.82
1/4/2021,26.91,28.08,27.88
1/5/2021,26.37,27.57,27.79
1/6/2021,25.14,26.36,26.25
1/7/2021,25.23,26.34,26.06
1/8/2021,25.05,25.84,25.62
1/9/2021,26.27,26.62,27.33
1/10/2021,28.34,29.21,28.98
1/11/2021,26.62,27.67,27.59
1/12/2021,26.15,27.06,26.93
1/13/2021,25.64,26.54,26.2
1/14/2021,25.47,26.43,26.27
1/15/2021,24.69,25.69,25.8
1/16/2021,26.57,27.56,28.63
1/17/2021,25.8,27.33,28.49
1/18/2021,23.39,24.41,24.66
1/19/2021,26.18,27.62,28.31
1/20/2021,25.55,26.92,27.59
1/21/2021,24.06,24.95,25.01
1/22/2021,23.4,24.37,24.72
1/23/2021,24.64,24.87,26.2
1/24/2021,27.1,27.96,29.41
1/25/2021,25.07,26.45,27.71
1/26/2021,24.95,28.47,27.03
1/27/2021,24.58,25.97,26.44
1/28/2021,24.59,25.49,26.28
1/29/2021,23.9,24.37,25.55
1/30/2021,24.58,25.67,27.6
1/31/2021,27.23,31.74,30.93
2/1/2021,26.65,26.45,27.76
2/2/2021,25.61,25.43,26.82
2/3/2021,23.97,24.58,25.95
2/4/2021,23.65,25.71,26.36
2/5/2021,22.66,24.21,24.75
2/6/2021,23.67,25.28,26.62
2/7/2021,26.72,28.55,29.7
2/8/2021,24.73,26.82,27.39
2/9/2021,24.83,26.12,27.24
2/10/2021,24.25,25.93,27.09
2/11/2021,24.02,24.66,25.71
2/12/2021,22.81,23.39,24.42
2/13/2021,25.6,26.76,28.26
2/14/2021,26.93,27.63,28.84
2/15/2021,25.98,27.75,29.18
2/16/2021,25.33,28.4,29.57
2/17/2021,24.29,24.72,25.45
2/18/2021,24.41,23.11,23.88
2/19/2021,23.1,22.72,24.06
2/20/2021,24.21,24.29,26.98
2/21/2021,24.54,25.96,27.49
2/22/2021,23.03,23.95,25.08
2/23/2021,22.36,23.21,24.98
2/24/2021,22.28,23.3,24.8
2/25/2021,22.4,23.14,24.8
2/26/2021,21.33,21.83,23.59
2/27/2021,22.78,22.46,24.49
2/28/2021,24.62,25.25,26.83
3/1/2021,22.63,23.36,24.84
3/2/2021,22.2,22.82,24.17
3/3/2021,22.39,23.01,24.4
3/4/2021,21.9,22.49,24
3/5/2021,21,21.39,22.76
3/6/2021,22.21,21.99,23.87
3/7/2021,23.68,23.86,25.65
3/8/2021,22.11,22.56,24.1
3/9/2021,21.86,22.18,23.93
3/10/2021,21.51,22.08,23.84
3/11/2021,21.42,22.18,24.01
3/12/2021,20.38,20.75,22.46
3/13/2021,21.5,21.09,23.31
3/14/2021,22.78,23.14,24.93
3/15/2021,22.12,23.73,25.32
3/16/2021,20.87,21.41,23.07
3/17/2021,20.89,21.5,23.09
3/18/2021,20.71,21.21,23.47
3/19/2021,19.68,19.59,21.91
3/20/2021,20.71,20.08,22.75
3/21/2021,21.21,20.79,23.07
3/22/2021,21.08,21.1,22.92
3/23/2021,20.54,20.81,22.29
3/24/2021,20.51,20.66,21.64
3/25/2021,20.18,20.48,22.09
3/26/2021,19.42,20.02,22.39
3/27/2021,20.19,19.96,22.26
3/28/2021,22.26,22.1,24.27
3/29/2021,21.4,21.68,23.87
3/30/2021,20.52,20.89,22.37
3/31/2021,20.44,20.71,22.13
4/1/2021,20.87,21.18,22.69
4/2/2021,19.65,19.76,20.44
4/3/2021,20.32,19.71,21.53
4/4/2021,22.21,22.26,23.07
4/5/2021,20.79,21.28,22.22
4/6/2021,20.12,20.24,21.84
4/7/2021,20.62,21.08,21.35
4/8/2021,19.98,20.53,21.65
4/9/2021,19.3,19.14,19.97
4/10/2021,20.35,20.59,21.94
4/11/2021,22.42,22.96,24.92
4/12/2021,21.29,21.37,23.03
4/13/2021,20.74,20.91,22.03
4/14/2021,21.11,21.37,22.92
4/15/2021,20.71,20.78,22.73
4/16/2021,19.87,19.46,21.05
4/17/2021,20.64,20.04,22.12
4/18/2021,22.42,22.3,23.69
4/19/2021,21.04,21.58,23.05
4/20/2021,20.34,21.17,23.5
4/21/2021,21.33,23.1,22.34
4/22/2021,22.54,23.53,20.09
4/23/2021,21.64,22.46,19.1
4/24/2021,22.52,23.38,19.91
4/25/2021,24.07,25.29,21.18
4/26/2021,22.65,23.8,19.98
4/27/2021,22.67,23.74,20.23
4/28/2021,22.47,23.61,19.8
4/29/2021,22.22,23.31,19.84
4/30/2021,21.8,22.98,19.52
5/1/2021,22.75,23.77,20.11
5/2/2021,24,25.15,21
5/3/2021,22.49,23.52,19.54
5/4/2021,22.59,23.94,20.06
5/5/2021,22.65,23.84,20.31
5/6/2021,22.32,23.39,19.42
5/7/2021,21.78,22.85,19.19
5/8/2021,22.62,23.5,19.82
5/9/2021,23.89,25.26,21.48
5/10/2021,22.73,23.96,20.29
5/11/2021,22.25,23.54,19.98
5/12/2021,22.35,23.69,20.3
5/13/2021,22.44,23.65,20.12
5/14/2021,21.79,22.97,19.47
5/15/2021,22.74,23.56,19.26
5/16/2021,24.01,25.15,20.73
5/17/2021,23.27,24.3,20.36
5/18/2021,22.33,23.43,19.89
5/19/2021,22.5,23.68,19.96
5/20/2021,22.46,23.93,20.28
5/21/2021,21.81,23.27,19.38
5/22/2021,22.74,24.29,20.12
5/23/2021,23.24,24.86,20.56
5/24/2021,22.21,23.91,19.82
5/25/2021,23.24,24.58,20.33
5/26/2021,22.52,24.21,20.05
5/27/2021,22.71,23.8,19.24
5/28/2021,22.19,23.68,19.05
5/29/2021,22.95,24.49,20.23
5/30/2021,23.56,25.2,20.76
5/31/2021,23.64,25.41,20.75
6/1/2021,22.59,24.22,19.72
6/2/2021,22.59,24.4,19.99
6/3/2021,22.54,24.41,20.3
6/4/2021,21.94,23.76,19.56
6/5/2021,22.88,24.59,20.03
6/6/2021,23.97,25.55,20.7
6/7/2021,22.66,24.13,19.8
6/8/2021,22.79,24.35,19.75
6/9/2021,22.8,24.36,19.82
6/10/2021,22.52,24.11,19.91
6/11/2021,22.02,23.32,19.16
6/12/2021,22.93,23.99,19.43
6/13/2021,24.11,25.69,21.31
6/14/2021,22.86,24.52,20.07
6/15/2021,22.38,24.07,19.87
6/16/2021,22.89,24.5,20.4
6/17/2021,22.6,23.94,20.05
6/18/2021,21.96,23.19,18.43
6/19/2021,22.89,24.09,19.58
6/20/2021,23.97,24.99,20.62
6/21/2021,22.49,24.23,19.9
6/22/2021,22.75,24.44,20.13
6/23/2021,22.63,24,20.01
6/24/2021,22.48,23.45,19.07
6/25/2021,21.85,22.77,18.4
6/26/2021,22.77,23.74,19.02
